sku;qty
AKNTS_BPXS;50
AKNTS_BPS;50
AKNTS_BPM;50
AKNTS_BPL;50
AKNTS_BPXL;50
AKNTS_BPXXL;50
AKNTS_WPXS;50
AKNTS_WPS;50
AKNTS_WPM;50
AKNTS_WPL;50
AKNTS_WPXL;50
AKNTS_WPXXL;50
AKNTS_PBXS;50
AKNTS_PBS;50
AKNTS_PBM;50
AKNTS_PBL;50
AKNTS_PBXL;50
AKNTS_PBXXL;50
AKNTS_PWXS;50
AKNTS_PWS;50
AKNTS_PWM;50
AKNTS_PWL;50
AKNTS_PWXL;50
AKNTS_PWXXL;50
AKNTS_BPXS_LS;50
AKNTS_BPS_LS;50
AKNTS_BPM_LS;50
AKNTS_BPL_LS;50
AKNTS_BPXL_LS;50
AKNTS_BPXXL_LS;50
AKNTS_WPXS_LS;50
AKNTS_WPS_LS;50
AKNTS_WPM_LS;50
AKNTS_WPL_LS;50
AKNTS_WPXL_LS;50
AKNTS_WPXXL_LS;50
AKNTS_PBXS_LS;50
AKNTS_PBS_LS;50
AKNTS_PBM_LS;50
AKNTS_PBL_LS;50
AKNTS_PBXL_LS;50
AKNTS_PBXXL_LS;50
AKNTS_PWXS_LS;50
AKNTS_PWS_LS;50
AKNTS_PWM_LS;50
AKNTS_PWL_LS;50
AKNTS_PWXL_LS;50
AKNTS_PWXXL_LS;50
AKNTS_BPXS_VS;50
AKNTS_BPS_VS;50
AKNTS_BPM_VS;50
AKNTS_BPL_VS;50
AKNTS_BPXL_VS;50
AKNTS_BPXXL_VS;50
AKNTS_WPXS_VS;50
AKNTS_WPS_VS;50
AKNTS_WPM_VS;50
AKNTS_WPL_VS;50
AKNTS_WPXL_VS;50
AKNTS_WPXXL_VS;50
AKNTS_PBXS_VS;50
AKNTS_PBS_VS;50
AKNTS_PBM_VS;50
AKNTS_PBL_VS;50
AKNTS_PBXL_VS;50
AKNTS_PBXXL_VS;50
AKNTS_PWXS_VS;50
AKNTS_PWS_VS;50
AKNTS_PWM_VS;50
AKNTS_PWL_VS;50
AKNTS_PWXL_VS;50
AKNTS_PWXXL_VS;50
AKNTS_BPXS_VSO;50
AKNTS_BPS_VSO;50
AKNTS_BPM_VSO;50
AKNTS_BPL_VSO;50
AKNTS_BPXL_VSO;50
AKNTS_BPXXL_VSO;50
AKNTS_WPXS_VSO;50
AKNTS_WPS_VSO;50
AKNTS_WPM_VSO;50
AKNTS_WPL_VSO;50
AKNTS_WPXL_VSO;50
AKNTS_WPXXL_VSO;50
AKNTS_PBXS_VSO;50
AKNTS_PBS_VSO;50
AKNTS_PBM_VSO;50
AKNTS_PBL_VSO;50
AKNTS_PBXL_VSO;50
AKNTS_PBXXL_VSO;50
AKNTS_PWXS_VSO;50
AKNTS_PWS_VSO;50
AKNTS_PWM_VSO;50
AKNTS_PWL_VSO;50
AKNTS_PWXL_VSO;50
AKNTS_PWXXL_VSO;50
OROMUG_BO;50
OROMUG_WO;50
OROMUG_DBO;50
OROMUG_OW;50
OROMUG_OB;50
OROMUG_ODB;50
OROMUG_BO_P;50
OROMUG_WO_P;50
OROMUG_DBO_P;50
OROMUG_OW_P;50
OROMUG_OB_P;50
OROMUG_ODB_P;50
AKNMUG_BP;50
AKNMUG_WP;50
AKNMUG_PB;50
AKNMUG_PW;50
